fid,species,x,y,dbh,height,z
1,Beech,416722.57,5346717.97,0.47109863155201,8.82887716,521.551391601562
2,Beech,416723.3499,5346714.344,0.168704239677409,8.13972228,521.619018554688
3,Oak,416722.6513,5346713.425,0.3947042588679,6.17579265,521.719787597656

