{
  "species": "Fagaceae - European oak",
  "dbh_curve": [
    0.006,
    0.006506639312047816,
    0.015622901017938066,
    0.03387460875989906,
    0.06370293851901235,
    0.09997916920435074,
    0.13171317027573715,
    0.15724355962854458,
    0.17157576415640902,
    0.18147624320544847,
    0.20845079305651915,
    0.2157784257110734,
    0.23395461760637704,
    0.2638406742124335,
    0.2882363105735954,
    0.3176388499591718,
    0.3406936437614647,
    0.3616763091769328,
    0.39084444125719486,
    0.4069926518868505,
    0.4381398616227412,
    0.43919353761797153,
    0.4727320519732014,
    0.49153069403191896,
    0.519823610601717,
    0.5384221832224689,
    0.5572039100588233,
    0.5851690341938464,
    0.6018290261084349,
    0.6247357688856586
  ],
  "cycles": 30
}