{
  "species": "Fagaceae - European oak",
  "height_curve": [
    1.496332696779646,
    1.9633076546423656,
    2.4507452830315253,
    2.876883668121062,
    3.35371131253123,
    3.7698001942301307,
    4.237752063990652,
    4.693887714845328,
    5.1562071793176605,
    5.640032048484648,
    6.081071214070985,
    6.529213824455205,
    6.993982986294956,
    7.434978039500477,
    7.87167305061813,
    8.331890628538982,
    8.753492324386215,
    9.11472839814962,
    9.505679709956471,
    9.921252164642862,
    10.388345787472106,
    10.85340158545698,
    11.320615015263074,
    11.758442273066647,
    12.207632735437619,
    12.555893903177642,
    12.993948483914608,
    13.416240293904442,
    13.867314984705192,
    14.29029320993686
  ],
  "cycles": 30
}