{
  "species": "Fagaceae - European oak",
  "cycles": 30,
  "num_seeds": 3,
  "seeds_tested": [
    1,
    7,
    13
  ],
  "final_height": 14.29029320993686,
  "max_height": 14.29029320993686,
  "final_dbh": 0.6247357688856586,
  "max_dbh": 0.6247357688856586,
  "growth_rate": 0.4763431069978953,
  "dbh_growth_rate": 0.020824525629521955,
  "height_curve": [
    1.496332696779646,
    1.9633076546423656,
    2.4507452830315253,
    2.876883668121062,
    3.35371131253123,
    3.7698001942301307,
    4.237752063990652,
    4.693887714845328,
    5.1562071793176605,
    5.640032048484648,
    6.081071214070985,
    6.529213824455205,
    6.993982986294956,
    7.434978039500477,
    7.87167305061813,
    8.331890628538982,
    8.753492324386215,
    9.11472839814962,
    9.505679709956471,
    9.921252164642862,
    10.388345787472106,
    10.85340158545698,
    11.320615015263074,
    11.758442273066647,
    12.207632735437619,
    12.555893903177642,
    12.993948483914608,
    13.416240293904442,
    13.867314984705192,
    14.29029320993686
  ],
  "dbh_curve": [
    0.006,
    0.006506639312047816,
    0.015622901017938066,
    0.03387460875989906,
    0.06370293851901235,
    0.09997916920435074,
    0.13171317027573715,
    0.15724355962854458,
    0.17157576415640902,
    0.18147624320544847,
    0.20845079305651915,
    0.2157784257110734,
    0.23395461760637704,
    0.2638406742124335,
    0.2882363105735954,
    0.3176388499591718,
    0.3406936437614647,
    0.3616763091769328,
    0.39084444125719486,
    0.4069926518868505,
    0.4381398616227412,
    0.43919353761797153,
    0.4727320519732014,
    0.49153069403191896,
    0.519823610601717,
    0.5384221832224689,
    0.5572039100588233,
    0.5851690341938464,
    0.6018290261084349,
    0.6247357688856586
  ],
  "individual_height_curves": [
    [
      1.441364154365424,
      1.8762982423703611,
      2.2816755646230975,
      2.762493662331556,
      3.2596112592983397,
      3.7304448872296176,
      4.210214431086327,
      4.682861642675314,
      5.144558251306218,
      5.575078192637163,
      5.995640126667523,
      6.45428022073269,
      6.916903989020799,
      7.393826596976056,
      7.853388439675738,
      8.331890628538982,
      8.753492324386215,
      9.11472839814962,
      9.488274689527346,
      9.921252164642862,
      10.388345787472106,
      10.85340158545698,
      11.320615015263074,
      11.758442273066647,
      12.207632735437619,
      12.555893903177642,
      12.993948483914608,
      13.416240293904442,
      13.867314984705192,
      14.29029320993686
    ],
    [
      1.496332696779646,
      1.9633076546423656,
      2.4507452830315253,
      2.876883668121062,
      3.35371131253123,
      3.759662832756876,
      4.183990550657098,
      4.643367002071602,
      5.0791198034630325,
      5.508784136481446,
      5.934130094506078,
      6.368313147516928,
      6.790323314056872,
      7.1939130597595575,
      7.625928542365812,
      7.957661422397432,
      8.413252857962789,
      8.800731749713337,
      9.16035365360789,
      9.528514803639318,
      9.925760314491322,
      10.359151258902433,
      10.7209745177886,
      11.084229873587669,
      11.460361011186718,
      11.89609551693709,
      12.319880507112023,
      12.717887679538128,
      13.185239319946621,
      13.624710489111687
    ],
    [
      1.4924476738930441,
      1.9183993078343626,
      2.3411734282374805,
      2.8185196481516845,
      3.2844398005995887,
      3.7698001942301307,
      4.237752063990652,
      4.693887714845328,
      5.1562071793176605,
      5.640032048484648,
      6.081071214070985,
      6.529213824455205,
      6.993982986294956,
      7.434978039500477,
      7.87167305061813,
      8.253927886597719,
      8.692911262848712,
      9.102578975898412,
      9.505679709956471,
      9.830027606384853,
      10.274539371977593,
      10.649167779075231,
      11.022271073517812,
      11.40133228220166,
      11.790767347626666,
      12.135637224146798,
      12.537601525365222,
      12.960284000359662,
      13.291421560318563,
      13.705612923276655
    ]
  ],
  "individual_dbh_curves": [
    [
      0.006,
      0.006355705593861007,
      0.015196630555390986,
      0.032683893581033165,
      0.06007643548676948,
      0.09394946889274024,
      0.12809131681577046,
      0.15724355962854458,
      0.16427644857411708,
      0.18147624320544847,
      0.20845079305651915,
      0.2102595031564336,
      0.2102596234739682,
      0.23228091747076363,
      0.2607377372747892,
      0.2850435023768206,
      0.30798892593335314,
      0.3349395265054258,
      0.35471009823068905,
      0.38739998785964364,
      0.40462214006423536,
      0.436614928883499,
      0.45101203319775,
      0.4848634832648128,
      0.4866064298813752,
      0.523942965554936,
      0.5360447433607368,
      0.5658058835695431,
      0.5873817595401031,
      0.6136801144089208
    ],
    [
      0.006,
      0.006495074751010268,
      0.015521442248922197,
      0.033811857696598176,
      0.06370293851901235,
      0.09997916920435074,
      0.13171317027573715,
      0.15213296760749132,
      0.17157576415640902,
      0.17365046379059287,
      0.19981525743427772,
      0.2157784257110734,
      0.21669113509041116,
      0.24299251520716356,
      0.2650508020184266,
      0.2902127371067851,
      0.32099167875142387,
      0.3406158887882707,
      0.37023214623992245,
      0.390915203300531,
      0.41900652940774585,
      0.43620043684883997,
      0.4665357358110686,
      0.4849848699162771,
      0.507130170311115,
      0.5348401951605468,
      0.5567723518674509,
      0.5851690341938464,
      0.5893371304876637,
      0.6247357688856586
    ],
    [
      0.006,
      0.006506639312047816,
      0.015622901017938066,
      0.03387460875989906,
      0.06272610054823624,
      0.0974142832103682,
      0.12777555260173876,
      0.14009052974303804,
      0.15984600527202059,
      0.1749140088107839,
      0.1824796392565219,
      0.2079248306040013,
      0.23395461760637704,
      0.2638406742124335,
      0.2882363105735954,
      0.3176388499591718,
      0.3406936437614647,
      0.3616763091769328,
      0.39084444125719486,
      0.4069926518868505,
      0.4381398616227412,
      0.43919353761797153,
      0.4727320519732014,
      0.49153069403191896,
      0.519823610601717,
      0.5384221832224689,
      0.5572039100588233,
      0.5843455793940789,
      0.6018290261084349,
      0.6218708007933428
    ]
  ],
  "seed_results": [
    {
      "seed": 1,
      "final_height": 14.29029320993686,
      "max_height": 14.29029320993686,
      "final_dbh": 0.6136801144089208,
      "max_dbh": 0.6136801144089208
    },
    {
      "seed": 7,
      "final_height": 13.624710489111687,
      "max_height": 13.624710489111687,
      "final_dbh": 0.6247357688856586,
      "max_dbh": 0.6247357688856586
    },
    {
      "seed": 13,
      "final_height": 13.705612923276655,
      "max_height": 13.705612923276655,
      "final_dbh": 0.6218708007933428,
      "max_dbh": 0.6218708007933428
    }
  ],
  "note": "Height and DBH curves use maximum values per cycle across multiple seeds to eliminate tree death effects"
}