{
  "Pinaceae - Fir": {
    "species": "Pinaceae - Fir",
    "cycles": 20,
    "final_height": 4.18986509815129,
    "max_height": 4.18986509815129,
    "growth_rate": 0.20949325490756449,
    "height_curve": [
      1.3000000000000003,
      1.5125000000000002,
      1.6822916660493592,
      1.8290856924066985,
      1.9664626115225616,
      2.102704725937641,
      2.239567338673525,
      2.3744107530121497,
      2.513694049320535,
      2.655580761552917,
      2.8012910451753616,
      2.950317862025732,
      3.1003421313468134,
      3.2525122127507924,
      3.406851435418888,
      3.5614753140862945,
      3.7169172234458703,
      3.8719391487815598,
      4.029164860973475,
      4.18986509815129
    ]
  }
}