{
  "Betulaceae - Alder": [
    0.49915308022907273,
    0.8396191013018344,
    0.9817873115188467,
    1.0730484934654043,
    1.2144759652761454,
    1.3070094997695791,
    1.4335576094112898,
    1.516474572568659,
    1.6031783861731528,
    1.6883665285673972
  ],
  "Betulaceae - Downy birch": [
    0.4993807074166889,
    0.885496787004554,
    1.234083672219609,
    1.4775757909509522,
    1.576667715975614,
    1.576635879095231,
    1.521927717055483,
    1.4531019954115747,
    1.4981865303788617,
    1.539484704844976
  ],
  "Betulaceae - Hazel": [
    0.5970123189861838,
    0.8622929400531676,
    1.1039631791479319,
    1.3203341006445914,
    1.4541627348341761,
    1.5503842121823883,
    1.5908659444364803,
    1.5957907018488846,
    1.653412816886218,
    1.7052919210881958
  ],
  "Betulaceae - Hornbeam": [
    0.4976982730142001,
    0.8888586430216469,
    1.1088251672591367,
    1.354038414678442,
    1.5187588826216547,
    1.582737506941005,
    1.5909856160343816,
    1.7339564682487094,
    1.9048535345622455,
    2.060579236835915
  ],
  "Betulaceae - Paper birch": [
    0.4991417626390194,
    0.8908515417231371,
    1.1741738678029034,
    1.445219295324372,
    1.6259395066035056,
    1.7281982440149986,
    1.6923333005652514,
    1.6202710749210127,
    1.6147677183167053,
    1.604068662351437
  ],
  "Betulaceae - Silver birch": [
    0.4979757138619679,
    0.8805319317551425,
    1.167085376584891,
    1.3442334287482136,
    1.4531218849953451,
    1.512879398257192,
    1.3736937234311124,
    1.3739633075854056,
    1.4913316192368138,
    1.6224123126954717
  ],
  "Canabaceae - Hackberry": [
    0.49753098093096443,
    0.8876701896802754,
    1.237648955818493,
    1.4681401964787553,
    1.5898732513331406,
    1.6854992243413642,
    1.5335535396686342,
    1.628125717352847,
    1.6529887943206898,
    1.6462217847056364
  ],
  "Cupressaceae - Swamp cypress": [
    0.5999997194259001,
    1.0618568634956116,
    1.3390985478204431,
    1.3849421873566516,
    1.467095812174848,
    1.499789406034079,
    1.5434733655140707,
    1.543615106846449,
    1.530746590954453,
    1.668552374447791
  ],
  "Cupressaceae - Western redcedar": [
    0.39999992273000085,
    0.6347498865967883,
    0.8349509488543673,
    0.9895219285617302,
    1.1013269035830908,
    1.1886924885031085,
    1.2785699833452002,
    1.278403129855323,
    1.2786560636456508,
    1.1014199461557552
  ],
  "Fabaceae - Honey locust": [
    0.6873646278428606,
    1.2682320797337687,
    1.7067215917203034,
    1.9635552202268243,
    2.0911891778763003,
    2.326196933456655,
    2.4815395598219214,
    2.8730162532088515,
    3.1533729287642625,
    3.4395153541176438
  ],
  "Fabaceae - Robinia": [
    0.5885755490604024,
    1.048628091565445,
    1.489914190837278,
    1.6772658582938145,
    1.852309315721882,
    1.8646195873238012,
    1.8489053371271065,
    1.8490506515517229,
    1.5119050454604894,
    1.4786824551954492
  ],
  "Fabaceae - Umbrella acacia": [
    0.49915308022907273,
    0.7583396429530438,
    0.931572919397832,
    1.0804164259384128,
    1.1424632497491918,
    1.2022337432961319,
    1.2809684745640098,
    1.2576395691987332,
    1.274379146284266,
    1.2927820092079882
  ],
  "Fagaceae - Beech": [
    0.3969264333314263,
    0.678105799049922,
    0.9367558717666925,
    1.134511428598025,
    1.242800649183232,
    1.2811713547282493,
    1.323206687646284,
    1.3057873739788346,
    1.2645829300755664,
    1.2677092024931638
  ],
  "Fagaceae - European oak": [
    0.5659514302016417,
    1.030119430880727,
    1.4528476190053323,
    1.7704675829051413,
    1.934205917035157,
    1.9352603458081956,
    1.629486886342222,
    1.692167971822003,
    1.6327140839166017,
    1.5767542866899724
  ],
  "Fagaceae - Red oak": [
    0.48987090363151525,
    0.8692555489157066,
    1.241806699348129,
    1.2510351738241914,
    1.4270843986852573,
    1.5472833896836635,
    1.518768581118785,
    1.4754084097483209,
    1.6010829204952075,
    1.7789771727863888
  ],
  "Fagaceae - Sweet chestnut": [
    0.4899994255549906,
    0.8669736257389721,
    1.1948123200347434,
    1.4265824675019358,
    1.3714607186425216,
    1.6365870325822556,
    1.809708878631122,
    1.9116246895370672,
    1.9067554381034706,
    1.9935252009210085
  ],
  "Fagaceae - White oak": [
    0.6647390193942806,
    1.1784551039450673,
    1.72489991056546,
    2.2322288409116773,
    2.5910538121686875,
    2.779711150157622,
    3.2824536138509224,
    3.6719448480652557,
    4.016169246346679,
    4.393804641070394
  ],
  "Ginkgoaceae - Ginkgo biloba": [
    0.4980738081004056,
    0.8893846318109582,
    1.2224918960887794,
    1.375724628594447,
    1.4958156288468507,
    1.606249850624085,
    1.6060098292384428,
    1.6057406686641942,
    1.5294193966878382,
    1.567038191339348
  ],
  "Juglandaceae - Walnut": [
    0.5986828534397617,
    1.057487767966855,
    1.48377394027931,
    1.8262691960142334,
    2.053684265007539,
    2.1733736315548446,
    2.2609541208511392,
    2.291678421127578,
    2.554439630219257,
    2.5608706547408358
  ],
  "Juglandaceae - Wingnut": [
    0.5986828534397617,
    1.0567661316491153,
    1.4789674439969325,
    1.8023835112562034,
    2.0040896003437303,
    2.09448731091267,
    2.321390505347023,
    2.4380085701125243,
    2.4430254240875393,
    2.6264441422573404
  ],
  "Lauraceae - Avocado": [
    0.48987090363151525,
    0.8685123508965482,
    1.233974617337704,
    1.4401896441266793,
    1.439476303965885,
    1.5095904012683572,
    1.5288578422006824,
    1.4681375197776083,
    1.70128986624912,
    1.806688159942685
  ],
  "Magnoliaceae - Magnolia": [
    0.34910679994897104,
    0.5537825208229936,
    0.7689128843736907,
    0.970244310058756,
    1.1562554287204696,
    1.3563592095033623,
    1.5257887870860891,
    1.6582315527746583,
    1.7728833630109908,
    1.8651467693951995
  ],
  "Malvaceae - Linden": [
    0.4897510032582624,
    0.8605478510030746,
    1.214257915848494,
    1.4748173957850694,
    1.6646942065578405,
    1.6781367204521056,
    1.521861327735864,
    1.4660617931044777,
    1.6055318880693938,
    1.632177262133914
  ],
  "Myrtaceae - Blue gum": [
    0.6967265847114672,
    1.2272614639023491,
    1.7398750279106916,
    1.7790355805394125,
    1.8710038793313268,
    1.871660557217978,
    2.039340491311348,
    2.1619514490884453,
    2.217730463131373,
    2.4426423523483995
  ],
  "Myrtaceae - Manna gum": [
    0.5994590221990655,
    1.06784571779882,
    1.5086051869388388,
    1.8946315768958746,
    2.121835088182574,
    2.2580849611297,
    2.4537805165124205,
    2.3768990407992714,
    2.4013582933629314,
    2.4019296301614066
  ],
  "Nyssaceae - Black tupelo": [
    0.5995960083424237,
    0.6994266912919718,
    0.9703165232850609,
    1.2471480108176902,
    1.5144778437985174,
    1.608434331699686,
    1.7225395346693162,
    1.8403069229010827,
    1.9223316743189287,
    2.0134541971277806
  ],
  "Oleaceae - Ash": [
    0.6590448761905654,
    1.2098830073660258,
    1.7087961732056722,
    2.1869320218654984,
    2.6178634240941854,
    3.0156749420247584,
    3.2464237332877226,
    3.3130608815213347,
    3.5339236432448295,
    3.734002778183324
  ],
  "Oleaceae - Narrow-leaved ash": [
    0.6590448761905654,
    1.2098654658243697,
    1.684051254068375,
    2.048427031937876,
    2.40867234277353,
    2.6502483230834337,
    2.839455966574499,
    3.0722345215867977,
    3.250960170681844,
    3.4238262173718197
  ],
  "Oleaceae - One-leaved ash": [
    0.6599463103633533,
    1.2107015893664774,
    1.6379841404690008,
    1.8416681580254057,
    2.021638421414752,
    2.201928079812889,
    2.4264119885348925,
    2.7066189029588696,
    3.0184461052228078,
    3.198790239946337
  ],