{
  "Pinaceae - Fir": {
    "species": "Pinaceae - Fir",
    "cycles": 75,
    "final_height": 18.921834148862374,
    "max_height": 18.921834148862374,
    "growth_rate": 0.25229112198483167,
    "height_curve": [
      1.3000000000000003,
      1.5125000000000002,
      1.6822916660493592,
      1.8290856924066985,
      1.9664626115225616,
      2.102704725937641,
      2.239567338673525,
      2.3744107530121497,
      2.513694049320535,
      2.655580761552917,
      2.8012910451753616,
      2.950317862025732,
      3.1003421313468134,
      3.2525122127507924,
      3.406851435418888,
      3.5614753140862945,
      3.7169172234458703,
      3.8719391487815598,
      4.029164860973475,
      4.18986509815129,
      4.354907553718682,
      4.525451302594587,
      4.702553192237506,
      4.88605700429271,
      5.075662268968056,
      5.27035042986326,
      5.46698689429958,
      5.668782466716616,
      5.876195252535017,
      6.092222044760666,
      6.317525266995037,
      6.554481407373909,
      6.8035538296245655,
      7.06315050466163,
      7.330436036758709,
      7.604088562716188,
      7.8827717838447455,
      8.158383471274961,
      8.439284880742735,
      8.717743034973276,
      8.993518986323888,
      9.271855986698549,
      9.554375706361666,
      9.840640810205981,
      10.129550776298988,
      10.418273003614745,
      10.707219278831328,
      11.001908926072659,
      11.296163656811832,
      11.590057265894579,
      11.8875469688857,
      12.18241427532503,
      12.475526083481336,
      12.770180773096321,
      13.060920770914725,
      13.351065347753288,
      13.643110475500091,
      13.93691940732424,
      14.231439740143122,
      14.525279760225791,
      14.819514466432596,
      15.113009832287227,
      15.407793884023079,
      15.701592313484838,
      15.997648269354345,
      16.293070736851057,
      16.586905615742676,
      16.87706852810928,
      17.169197250885475,
      17.46213027874875,
      17.75459035968485,
      18.04665462924441,
      18.337511485182965,
      18.63017259942649,
      18.921834148862374
    ]
  }
}