{
  "phyllotaxyLeaf": {
    "isArray": true,
    "size": 1,
    "type": "float",
    "value": [
      0.0,
      198.39999389648438,
      51.630001068115234,
      1.0,
      1.0,
      0.0,
      0.0,
      0.0,
      1.0,
      0.0,
      0.0,
      2.0,
      2.0,
      0.05469999834895134
    ]
  },
  "phototropism": {
    "isArray": true,
    "size": 1,
    "type": "float",
    "value": [
      0.24650000035762787,
      0.6690999865531921,
      0.46709999442100525,
      0.4977000057697296
    ]
  },
  "phototropismChild": {
    "isArray": true,
    "size": 1,
    "type": "float",
    "value": [
      0.18629999458789825,
      0.37529999017715454,
      0.16590000689029694,
      0.16869999468326569
    ]
  },
  "phyllotaxy": {
    "isArray": true,
    "size": 1,
    "type": "float",
    "value": [
      0.0,
      202.6999969482422,
      50.209999084472656,
      1.0,
      1.0,
      0.0,
      60.0,
      0.0,
      0.0,
      0.0,
      0.0,
      2.0,
      2.0,
      0.21960000693798065
    ]
  },
  "phyllotaxyChild": {
    "isArray": true,
    "size": 1,
    "type": "float",
    "value": [
      0.0,
      198.39999389648438,
      51.630001068115234,
      1.0,
      1.0,
      0.0,
      0.0,
      0.0,
      1.0,
      0.0,
      0.0,
      2.0,
      2.0,
      0.05469999834895134
    ]
  },
  "axialElongation": {
    "isArray": true,
    "size": 1,
    "type": "float",
    "value": [
      0.25,
      0.0,
      0.48190000653266907,
      0.0,
      0.0,
      1.0
    ]
  },
  "axialElongationChild": {
    "isArray": true,
    "size": 1,
    "type": "float",
    "value": [
      0.25,
      0.0,
      0.48190000653266907,
      0.0,
      0.0,
      1.0
    ]
  },
  "lateralElongation": {
    "isArray": true,
    "size": 1,
    "type": "float",
    "value": [
      0.17419999837875366,
      0.0,
      0.3652999997138977,
      0.0,
      0.0,
      1.0
    ]
  },
  "lateralElongationChild": {
    "isArray": true,
    "size": 1,
    "type": "float",
    "value": [
      0.1280000060796738,
      0.0,
      0.30000001192092896,
      0.0,
      0.0,
      1.0
    ]
  },
  "branchingCondition": {
    "isArray": true,
    "size": 1,
    "type": "float",
    "value": [
      0.0,
      0.0,
      0.0,
      1.0,
      0.11999999731779099,
      1.0
    ]
  },
  "branchingConditionChild": {
    "isArray": true,
    "size": 1,
    "type": "float",
    "value": [
      0.0,
      0.0,
      0.0,
      0.0,
      0.0,
      1.0
    ]
  },
  "trunkGrowth": {
    "isArray": true,
    "size": 1,
    "type": "float",
    "value": [
      1.0,
      0.0,
      0.9382486343383789,
      0.0,
      0.0,
      1.0
    ]
  },
  "leafGrowth": {
    "isArray": true,
    "size": 1,
    "type": "float",
    "value": [
      0.0,
      0.0,
      1.0,
      0.0,
      0.0,
      1.0
    ]
  },
  "lightDetection": {
    "isArray": true,
    "size": 1,
    "type": "float",
    "value": [
      0.0,
      0.0,
      0.0,
      0.0,
      0.0,
      1.0
    ]
  },
  "randomAngle": {
    "isArray": true,
    "size": 1,
    "type": "float",
    "value": [
      0.0,
      0.0,
      0.0,
      0.0,
      0.0,
      1.0
    ]
  },
  "randomAngleChild": {
    "isArray": true,
    "size": 1,
    "type": "float",
    "value": [
      0.0,
      0.0,
      0.0,
      0.0,
      0.0,
      1.0
    ]
  },
  "guide": {
    "isArray": true,
    "size": 1,
    "type": "float",
    "value": [
      0.0,
      0.0,
      0.0,
      0.0,
      0.0,
      1.0
    ]
  },
  "abscissionSenescense": {
    "isArray": true,
    "size": 1,
    "type": "float",
    "value": [
      0.14829999208450317,
      36.0,
      1.0,
      5.0,
      0.0,
      0.4523000121116638,
      6.0,
      11.0,
      0.0
    ]
  },
  "plantProfile_1": {
    "isArray": true,
    "size": 1,
    "type": "float",
    "value": [
      0.8524984121322632,
      0.8706302642822266,
      0.8545957803726196,
      0.8785384893417358,
      0.8731021285057068,
      0.8670019507408142,
      0.864018976688385,
      0.8641859292984009,
      0.8675008416175842,
      0.8739277124404907,
      0.883398711681366,
      0.89581698179245,
      0.895421028137207,
      0.8980653285980225,
      0.9075279235839844,
      0.9310291409492493,
      0.9568045735359192,
      0.9452210664749146,
      0.9549917578697205,
      0.9744033813476562,
      0.970257580280304,
      0.9858282804489136,
      0.9808158278465271,
      0.9812203645706177,
      0.9870350956916809,
      0.9981655478477478,
      0.997315526008606,
      0.9966133832931519,
      0.9812472462654114,
      0.9684554934501648,
      0.9621080160140991,
      0.9395077228546143,
      0.919319212436676,
      0.9017053842544556,
      0.8868200182914734,
      0.8748012781143188,
      0.8697394132614136,
      0.8796210289001465,
      0.8570139408111572,
      0.8651816844940186,
      0.8609269261360168,
      0.8676022887229919,
      0.877339243888855,
      0.8756087422370911,
      0.8671272397041321,
      0.8498849868774414,
      0.8386602401733398,
      0.833695650100708,
      0.8351032137870789,
      0.8428508043289185,
      0.8567665815353394,
      0.8765566349029541,
      0.9018344283103943,
      0.890827476978302,
      0.9248372912406921,
      0.9204287528991699,
      0.918969988822937,
      0.9204750061035156,
      0.9209626913070679,
      0.9124462604522705,
      0.9068599939346313,
      0.9121299982070923,
      0.9046685099601746,
      0.9080845713615417,
      0.9144735336303711,
      0.923773467540741,
      0.9358980059623718,
      0.9260161519050598,
      0.9305009841918945,
      0.9515392780303955,
      0.9749228358268738,
      0.9671316146850586,
      0.9648119211196899,
      0.9680044651031494,
      0.9766548871994019,
      0.9906200170516968,
      0.9851974248886108,
      0.9938158988952637,
      0.9804791808128357,
      0.981035590171814,
      1.0,
      0.9991938471794128,
      0.9972749352455139,
      0.9901977777481079,
      0.9580394625663757,
      0.9245014786720276,
      0.9176046252250671,
      0.8702335357666016,
      0.8695967197418213,
      0.8720906972885132,
      0.8359376192092896,
      0.8454187512397766,
      0.8184000849723816,
      0.8350542783737183,
      0.8180205821990967,
      0.8416006565093994,
      0.8348234295845032,
      0.8343979716300964,
      0.8403339385986328,
      0.8524984121322632
    ]
  },
  "plantProfile_2": {
    "isArray": true,
    "size": 1,
    "type": "float",