{
  "species": "Pinaceae - Fir",
  "dbh_curve": [
    0.007,
    0.007,
    0.009032184102916922,
    0.012604241087305392,
    0.01563673459025024,
    0.01899343561040642,
    0.022197869517657835,
    0.025663732542413747,
    0.028862646749390864,
    0.03200844591915112,
    0.035312585557882734,
    0.03820887450424003,
    0.04130932837850566,
    0.04481106742782794,
    0.0461167956938104,
    0.04909255763354239,
    0.05112286449756079,
    0.05112792909749024,
    0.05495591855087178,
    0.055708049936514584,
    0.055712849541334306,
    0.058934982970428096,
    0.0618791916173422,
    0.06427784237726868,
    0.06624624686719187,
    0.06914848091019499,
    0.07130048980139801,
    0.07318837046310145,
    0.0759763909294748,
    0.07957988455742243,
    0.0801083311119389,
    0.0825139418344186,
    0.0882148982384088,
    0.09069638087484341,
    0.09526552407193743,
    0.09898779356709082,
    0.10242146045593631,
    0.10797323821374676,
    0.111995483180797,
    0.11713932925042313,
    0.12217057261231866,
    0.12895597830696226,
    0.13582115378251075,
    0.14110349885561696,
    0.14478347112318266,
    0.14705109598771515,
    0.1563514550846058,
    0.159715356390015,
    0.16529244469834303,
    0.1687021881494635,
    0.17544877968725148,
    0.1825217250553426,
    0.18725734485964998,
    0.19329932768725086,
    0.1975382367014165,
    0.20477916307622043,
    0.2047791632583,
    0.20891950484064659,
    0.21595116577361012,
    0.21986874755789204,
    0.2275567866713279,
    0.229066778066972,
    0.23447605435215566,
    0.23761700664699711,
    0.24365390409323626,
    0.24905343775825506,
    0.25360069104797767,
    0.25561737572816473,
    0.2654421431745365,
    0.2694721871451325,
    0.2735615982808787,
    0.2754960517142518,
    0.28353755621600923,
    0.286110759028318,
    0.28841417584222784
  ],
  "cycles": 75
}