{
  "species": "Pinaceae - Fir",
  "height_curve": [
    1.3000000000000003,
    1.5125000000000002,
    1.6822916649297912,
    1.8304836843100223,
    1.9702264322561893,
    2.106913831863744,
    2.2455722147951507,
    2.381457054078619,
    2.5231838322187006,
    2.6627172566372073,
    2.8067005572363506,
    2.9540141596987173,
    3.103187779804755,
    3.2535408527539387,
    3.4074328112242065,
    3.5601773913380588,
    3.7146428307967785,
    3.8727474723240722,
    4.03226983402577,
    4.1966583565033035,
    4.364274051896652,
    4.536397618091392,
    4.714042275238598,
    4.8965706252680405,
    5.08612042306747,
    5.281626758912347,
    5.481864695882775,
    5.682180355022956,
    5.888307353028901,
    6.1022164634334,
    6.322703271399989,
    6.554759726960694,
    6.8005830164041505,
    7.054733611489774,
    7.3130399579504335,
    7.578842763638771,
    7.850744216565619,
    8.127189161495235,
    8.4035435055333,
    8.686183542508447,
    8.970599254969693,
    9.25565587151325,
    9.538897496283445,
    9.820728191271638,
    10.110578934530556,
    10.398111647487854,
    10.685792746538224,
    10.975918410983194,
    11.265617473554142,
    11.556920555198456,
    11.85068464662124,
    12.138088315362378,
    12.427995308097652,
    12.719139327175377,
    13.010386760512102,
    13.30384802599821,
    13.595804615992819,
    13.893559451213573,
    14.189958984403246,
    14.484919516742455,
    14.784295387233337,
    15.082525196485584,
    15.381081577224814,
    15.679900241162196,
    15.97895246394911,
    16.27779259009474,
    16.577359760202352,
    16.871990487826388,
    17.16272039867427,
    17.454794915974333,
    17.748333475729574,
    18.04192141319925,
    18.333722674129667,
    18.6269359083225,
    18.92191595690288
  ],
  "cycles": 75
}