{
  "species": "Pinaceae - Fir",
  "cycles": 75,
  "num_seeds": 3,
  "seeds_tested": [
    1,
    7,
    13
  ],
  "final_height": 18.92191595690288,
  "max_height": 18.92191595690288,
  "final_dbh": 0.28841417584222784,
  "max_dbh": 0.28841417584222784,
  "growth_rate": 0.25229221275870506,
  "dbh_growth_rate": 0.003845522344563038,
  "height_curve": [
    1.3000000000000003,
    1.5125000000000002,
    1.6822916649297912,
    1.8304836843100223,
    1.9702264322561893,
    2.106913831863744,
    2.2455722147951507,
    2.381457054078619,
    2.5231838322187006,
    2.6627172566372073,
    2.8067005572363506,
    2.9540141596987173,
    3.103187779804755,
    3.2535408527539387,
    3.4074328112242065,
    3.5601773913380588,
    3.7146428307967785,
    3.8727474723240722,
    4.03226983402577,
    4.1966583565033035,
    4.364274051896652,
    4.536397618091392,
    4.714042275238598,
    4.8965706252680405,
    5.08612042306747,
    5.281626758912347,
    5.481864695882775,
    5.682180355022956,
    5.888307353028901,
    6.1022164634334,
    6.322703271399989,
    6.554759726960694,
    6.8005830164041505,
    7.054733611489774,
    7.3130399579504335,
    7.578842763638771,
    7.850744216565619,
    8.127189161495235,
    8.4035435055333,
    8.686183542508447,
    8.970599254969693,
    9.25565587151325,
    9.538897496283445,
    9.820728191271638,
    10.110578934530556,
    10.398111647487854,
    10.685792746538224,
    10.975918410983194,
    11.265617473554142,
    11.556920555198456,
    11.85068464662124,
    12.138088315362378,
    12.427995308097652,
    12.719139327175377,
    13.010386760512102,
    13.30384802599821,
    13.595804615992819,
    13.893559451213573,
    14.189958984403246,
    14.484919516742455,
    14.784295387233337,
    15.082525196485584,
    15.381081577224814,
    15.679900241162196,
    15.97895246394911,
    16.27779259009474,
    16.577359760202352,
    16.871990487826388,
    17.16272039867427,
    17.454794915974333,
    17.748333475729574,
    18.04192141319925,
    18.333722674129667,
    18.6269359083225,
    18.92191595690288
  ],
  "dbh_curve": [
    0.007,
    0.007,
    0.009032184102916922,
    0.012604241087305392,
    0.01563673459025024,
    0.01899343561040642,
    0.022197869517657835,
    0.025663732542413747,
    0.028862646749390864,
    0.03200844591915112,
    0.035312585557882734,
    0.03820887450424003,
    0.04130932837850566,
    0.04481106742782794,
    0.0461167956938104,
    0.04909255763354239,
    0.05112286449756079,
    0.05112792909749024,
    0.05495591855087178,
    0.055708049936514584,
    0.055712849541334306,
    0.058934982970428096,
    0.0618791916173422,
    0.06427784237726868,
    0.06624624686719187,
    0.06914848091019499,
    0.07130048980139801,
    0.07318837046310145,
    0.0759763909294748,
    0.07957988455742243,
    0.0801083311119389,
    0.0825139418344186,
    0.0882148982384088,
    0.09069638087484341,
    0.09526552407193743,
    0.09898779356709082,
    0.10242146045593631,
    0.10797323821374676,
    0.111995483180797,
    0.11713932925042313,
    0.12217057261231866,
    0.12895597830696226,
    0.13582115378251075,
    0.14110349885561696,
    0.14478347112318266,
    0.14705109598771515,
    0.1563514550846058,
    0.159715356390015,
    0.16529244469834303,
    0.1687021881494635,
    0.17544877968725148,
    0.1825217250553426,
    0.18725734485964998,
    0.19329932768725086,
    0.1975382367014165,
    0.20477916307622043,
    0.2047791632583,
    0.20891950484064659,
    0.21595116577361012,
    0.21986874755789204,
    0.2275567866713279,
    0.229066778066972,
    0.23447605435215566,
    0.23761700664699711,
    0.24365390409323626,
    0.24905343775825506,
    0.25360069104797767,
    0.25561737572816473,
    0.2654421431745365,
    0.2694721871451325,
    0.2735615982808787,
    0.2754960517142518,
    0.28353755621600923,
    0.286110759028318,
    0.28841417584222784
  ],
  "individual_height_curves": [
    [
      1.3000000000000003,
      1.5125000000000002,
      1.682291657095254,
      1.8304836843100223,
      1.9702264322561893,
      2.105298784558704,
      2.240573983905385,
      2.3757436468736155,
      2.5124391707705263,
      2.6508221901330282,
      2.7910886537010806,
      2.934577219333542,
      3.0818427653150917,
      3.231394457419967,
      3.383356121189784,
      3.534481959739982,
      3.6871905621018772,
      3.8397706701041634,
      3.9939140325217664,
      4.152047692432163,
      4.312913053815282,
      4.479762635609233,
      4.654373866918995,
      4.834917661027715,
      5.023583559704,
      5.216407828415247,
      5.412219118313424,
      5.611778660253345,
      5.814483211614589,
      6.026234762201536,
      6.246951950341101,
      6.474273858996371,
      6.714019510602223,
      6.964365818993345,
      7.221467712358466,
      7.4840591108564585,
      7.749974524512575,
      8.022276883741807,
      8.298929644610212,
      8.57752274154901,
      8.859711496434356,
      9.145406785481102,
      9.430824094098345,
      9.71451200798802,
      9.994939495300121,
      10.281799648713173,
      10.568973671414179,
      10.858560456446535,
      11.144984663948932,
      11.434531491107473,
      11.725151161093768,
      12.01876304570125,
      12.313483054152199,
      12.609661392247327,
      12.903884616076663,
      13.198718201721269,
      13.491511213266161,
      13.782823282645063,
      14.070114542670431,
      14.357522221917115,
      14.647451312183302,
      14.936202527339509,
      15.22852373842323,
      15.52188441821441,
      15.816496172638969,
      16.11002892315945,
      16.408372753644212,
      16.705563833221895,
      17.00312760049896,
      17.301557772261557,
      17.59983722492333,
      17.898311875485657,
      18.19013837714803,
      18.48298195037227,
      18.77816147956183
    ],
    [
      1.3000000000000003,
      1.5125000000000002,
      1.6822916552436276,
      1.8291743110306389,
      1.966461827047342,
      2.0981330558354965,
      2.230227515684198,
      2.363627397942861,
      2.4997069642892153,
      2.6366712140847763,
      2.7746951428131914,
      2.917553008457716,
      3.0637931563647665,
      3.2140602504731146,
      3.366750752047017,
      3.5195932874974507,
      3.6737363956924045,
      3.827676295438444,
      3.9840872775547704,
      4.14144190364354,
      4.303929280225676,
      4.4719940937866625,
      4.643982818533394,
      4.823070128683809,
      5.0096457987070595,
      5.20404412316,
      5.401639768680005,
      5.602733509942264,
      5.808790455275787,
      6.0226613102463356,
      6.2481108027009435,
      6.484032492632286,
      6.727894934530878,
      6.9825327757580276,
      7.243117017169708,
      7.511657056032398,
      7.785443494631019,
      8.066532749091015,
      8.35088430593332,
      8.635043346158739,
      8.915611447358364,
      9.201026061498352,
      9.485902741876957,
      9.77449483413653,
      10.061708067658108,
      10.353242721838102,
      10.645689041128845,
      10.937208314027208,
      11.228000196170848,
      11.520617746654576,
      11.814744337593343,
      12.110018742114965,
      12.40581902928894,
      12.70062556463328,
      12.993927375049488,
      13.287679604485358,
      13.578889186315305,
      13.871514418266255,
      14.162776105434887,
      14.455979137649116,
      14.745093912707722,
      15.035089202576454,
      15.326622651269563,
      15.616916387959845,
      15.90726440332776,
      16.19975031264282,
      16.491058186774836,
      16.781671804226402,
      17.07369949153151,
      17.367792315352762,
      17.66273924638512,
      17.956144424559252,
      18.250097867913656,
      18.54500710291917,
      18.837372231562274
    ],
    [
      1.3000000000000003,
      1.5125000000000002,
      1.6822916649297912,
      1.8290846986746214,
      1.9673155996267313,
      2.106913831863744,
